,loss,val_loss
0,0.7609534292296485,0.09591112313443605
1,0.17961040912582957,0.08064024731701903
2,0.15456944014096624,0.07613005344745255
3,0.14516583696895238,0.07387229421466175
4,0.14074731151000097,0.07239224353375112
5,0.13847908084573798,0.07175552877628687
6,0.13727464111848692,0.07284849262806432
7,0.13589796282459818,0.07170885603309483
8,0.13272293721657744,0.07044003289534491
9,0.13143715438372852,0.06952935290429527
